date,symbol,open,high,low,close,volume,rsi
2021-05-25,DIS,175.60000610351562,177.4499969482422,175.39999389648438,176.1699981689453,8089700,40.02986806088936
2021-05-25,MCD,232.1699981689453,232.7700042724609,230.7100067138672,232.13999938964844,2681900,43.21162011875576
2021-05-25,NKE,134.94000244140625,135.1699981689453,133.85000610351562,134.32000732421875,4885800,55.14383514254063
2021-05-26,DIS,176.6199951171875,177.89999389648438,176.1999969482422,176.47000122070312,8086200,40.74473830200862
2021-05-26,MCD,233.7899932861328,233.7899932861328,232.1600036621093,232.3500061035156,1564200,43.80659992063383
2021-05-26,NKE,135.1999969482422,137.9199981689453,135.0,136.88999938964844,6781500,60.47717112640649
2021-05-27,DIS,177.1999969482422,179.58999633789062,176.7899932861328,179.0399932861328,13567800,46.61554548457931
2021-05-27,MCD,233.009994506836,235.0800018310547,232.3999938964844,234.8600006103516,5242900,50.48407011703567
2021-05-27,NKE,137.5500030517578,138.30999755859375,136.4600067138672,136.55999755859375,12882300,59.49890940478618
2021-05-28,DIS,179.50999450683594,180.13999938964844,178.0800018310547,178.64999389648438,7124800,45.87279502856921
2021-05-28,MCD,234.1300048828125,234.4100036621093,232.4499969482422,233.88999938964844,2853600,48.10503226966
2021-05-28,NKE,136.24000549316406,137.35000610351562,136.08999633789062,136.4600067138672,4153500,59.18650663883241
2021-06-01,DIS,180.17999267578125,181.009994506836,178.74000549316406,178.83999633789062,7475600,46.321532362566245
2021-06-01,MCD,235.97999572753903,235.9900054931641,232.7400054931641,233.2400054931641,2574300,46.522925856354696
2021-06-01,NKE,137.85000610351562,138.0500030517578,134.2100067138672,134.50999450683594,5577900,53.30808512950968
2021-06-02,DIS,179.0399932861328,179.10000610351562,176.92999267578125,177.0,7851700,42.63525563980732
2021-06-02,MCD,233.97000122070312,234.3300018310547,232.8099975585937,233.77999877929688,3172000,48.05148443823372
2021-06-02,NKE,134.58999633789062,135.49000549316406,133.52999877929688,134.1699981689453,5226100,52.332134038254566
2021-06-03,DIS,176.27000427246094,176.97000122070312,175.4199981689453,176.24000549316406,5583900,41.17763472624456
2021-06-03,MCD,232.57000732421875,232.759994506836,230.1499938964844,232.4499969482422,3249400,44.66513578474215
2021-06-03,NKE,133.1999969482422,134.69000244140625,132.50999450683594,134.1699981689453,5027400,52.33213403825455
2021-06-04,DIS,175.92999267578125,177.52000427246094,175.61000061035156,177.17999267578125,6343400,43.73960822700758
2021-06-04,MCD,233.44000244140625,233.8000030517578,232.07000732421875,233.3800048828125,1615200,47.453733237356126
2021-06-04,NKE,134.5,134.94000244140625,132.27999877929688,133.74000549316406,5217100,50.96361334366335
2021-06-07,DIS,177.97000122070312,178.07000732421875,176.39999389648438,176.99000549316406,5178100,43.32884054097297
2021-06-07,MCD,234.0,234.07000732421875,231.1600036621093,231.69000244140625,1877000,43.19388071578319
2021-06-07,NKE,134.0,135.1999969482422,133.4499969482422,133.9499969482422,3765000,51.62887782202928
2021-06-08,DIS,175.97000122070312,177.1199951171875,175.19000244140625,176.3300018310547,5356200,41.85819305267876
2021-06-08,MCD,231.5,233.97999572753903,231.33999633789065,232.63999938964844,2106200,46.12178541372701
2021-06-08,NKE,134.69000244140625,134.72000122070312,132.41000366210938,133.35000610351562,4915200,49.55999994597474
2021-06-09,DIS,176.30999755859375,177.3300018310547,175.8800048828125,176.0399932861328,5082400,41.19652339822975
2021-06-09,MCD,232.97999572753903,234.32000732421875,231.4499969482422,231.47000122070312,1982200,43.17059326209645
2021-06-09,NKE,133.6199951171875,134.89999389648438,131.4499969482422,131.83999633789062,6448100,44.704709015302015
2021-06-10,DIS,176.44000244140625,177.61000061035156,175.5500030517578,176.57000732421875,5253000,42.970791903369474
2021-06-10,MCD,232.0500030517578,234.8999938964844,231.92999267578125,234.58999633789065,2534000,51.99235277573771
2021-06-10,NKE,131.5,132.57000732421875,130.19000244140625,130.97999572753906,6584100,42.17075337722226
2021-06-11,DIS,177.4499969482422,178.49000549316406,176.80999755859375,177.3800048828125,5476300,45.66882017889822
2021-06-11,MCD,235.0,237.5,234.7100067138672,236.92999267578125,2654300,57.34094260190171
2021-06-11,NKE,131.5,131.99000549316406,130.52999877929688,131.94000244140625,5414500,45.85989257649118
2021-06-14,DIS,177.64999389648438,178.8699951171875,176.89999389648438,178.17999267578125,10170000,48.27174324678805
2021-06-14,MCD,237.17999267578125,237.7700042724609,234.8099975585937,236.97999572753903,1836800,57.45003490138552
2021-06-14,NKE,131.6999969482422,132.0500030517578,130.1300048828125,131.36000061035156,5743600,44.03226253865664
2021-06-15,DIS,178.17999267578125,178.6999969482422,175.6199951171875,175.86000061035156,7895000,41.989173164828095
2021-06-15,MCD,237.52999877929688,237.8099975585937,235.6600036621093,236.3500061035156,1948300,55.52348129103167
2021-06-15,NKE,131.5399932861328,131.75,129.8300018310547,130.2899932861328,5168100,40.80171772194267
2021-06-16,DIS,176.00999450683594,176.25999450683594,173.5500030517578,174.66000366210938,8336000,39.15083758048093
2021-06-16,MCD,237.2100067138672,237.27999877929688,233.77999877929688,235.5800018310547,2951700,53.17626529649501
2021-06-16,NKE,130.3000030517578,131.1699981689453,129.60000610351562,130.39999389648438,7915500,41.2786904289584
2021-06-17,DIS,174.58999633789062,176.25999450683594,173.83999633789062,174.64999389648438,8906000,39.12707835441335
2021-06-17,MCD,235.0800018310547,236.2700042724609,233.27999877929688,233.8800048828125,1895600,48.31958766679445
2021-06-17,NKE,129.24000549316406,129.8800048828125,127.86000061035156,128.9199981689453,8568100,36.96343242472147
2021-06-18,DIS,173.13999938964844,173.86000061035156,172.1199951171875,172.4199981689453,12357500,34.1542767695003
2021-06-18,MCD,231.47000122070312,232.88999938964844,228.82000732421875,229.6199951171875,4408200,38.7650631879518
2021-06-18,NKE,126.68000030517578,129.02999877929688,126.68000030517578,128.41000366210938,9784800,35.58300616609043
2021-06-21,DIS,172.1300048828125,174.25999450683594,171.30999755859375,173.97000122070312,9196900,39.8742912180494
2021-06-21,MCD,230.6300048828125,233.22999572753903,229.47000122070312,232.8999938964844,2193000,47.39078504419656
2021-06-21,NKE,129.24000549316406,130.75999450683594,128.6999969482422,130.0800018310547,6288500,43.07929587989705
2021-06-22,DIS,174.3699951171875,174.6999969482422,172.35000610351562,173.5,8097100,38.774360542951314
2021-06-22,MCD,233.4900054931641,234.8600006103516,232.42999267578125,233.8800048828125,1758300,49.6719074598541
2021-06-22,NKE,130.8300018310547,132.69000244140625,130.1300048828125,132.47999572753906,6043800,51.76638958138315
2021-06-23,DIS,173.6199951171875,175.4499969482422,172.94000244140625,175.3300018310547,9174200,45.12194214222878
2021-06-23,MCD,233.3000030517578,234.4499969482422,232.6999969482422,233.2400054931641,1701500,48.20201598131791
2021-06-23,NKE,132.80999755859375,133.6999969482422,132.2100067138672,133.10000610351562,4566000,53.73096275221606
2021-06-24,DIS,176.1300048828125,178.24000549316406,175.77999877929688,177.92999267578125,7549400,52.63530980900444
2021-06-24,MCD,234.1000061035156,235.1600036621093,232.7400054931641,233.3300018310547,1839800,48.43310291776229
2021-06-24,NKE,133.89999389648438,134.82000732421875,132.89999389648438,133.60000610351562,11420500,55.31172922974486
2021-06-25,DIS,178.8300018310547,179.08999633789062,177.49000549316406,178.35000610351562,7431800,53.73721374228339
2021-06-25,MCD,232.7400054931641,233.4100036621093,232.33999633789065,232.4199981689453,3000100,46.1891906346963
2021-06-25,NKE,152.41000366210938,154.58999633789062,150.47999572753906,154.35000610351562,46285400,82.3149686898962
2021-06-28,DIS,178.5,178.66000366210938,174.99000549316406,176.57000732421875,9881400,48.57922030347161
2021-06-28,MCD,232.6699981689453,232.75,230.009994506836,231.08999633789065,2901700,43.04991356092245
2021-06-28,NKE,153.9199981689453,154.0500030517578,151.50999450683594,152.36000061035156,13133300,77.47959002973028
2021-06-29,DIS,176.63999938964844,177.02000427246094,173.8000030517578,173.92999267578125,13498300,42.12147996652714
2021-06-29,MCD,231.52999877929688,231.7100067138672,230.0500030517578,230.3699951171875,1932100,41.40913078733536
2021-06-29,NKE,153.25999450683594,156.39999389648438,152.91000366210938,155.9499969482422,10279900,79.78643782317938
2021-06-30,DIS,173.88999938964844,175.97999572753906,173.33999633789062,175.77000427246094,7481900,47.37247811963752
2021-06-30,MCD,230.9199981689453,232.25,230.6000061035156,230.9900054931641,2450700,43.40933354063615
2021-06-30,NKE,154.7899932861328,155.33999633789062,153.52000427246094,154.49000549316406,10281800,76.36070439154683
2021-07-01,DIS,175.35000610351562,177.60000610351562,174.60000610351562,177.25999450683594,5887100,51.23095781646708
2021-07-01,MCD,231.4100036621093,232.3999938964844,230.75,232.2700042724609,2210500,47.40153484794284
2021-07-01,NKE,154.07000732421875,158.2100067138672,153.88999938964844,158.0,9011500,78.72565215316966
2021-07-02,DIS,177.86000061035156,178.36000061035156,174.6199951171875,177.11000061035156,11099300,50.826966216066246
2021-07-02,MCD,233.0800018310547,234.1100006103516,232.44000244140625,233.6300048828125,1851500,51.33016988420008
2021-07-02,NKE,158.2100067138672,159.97000122070312,157.63999938964844,159.74000549316406,6396700,79.8042884860401
2021-07-06,DIS,176.75999450683594,177.0,172.22000122070312,173.69000244140625,11557900,42.58177724856188
2021-07-06,MCD,233.6600036621093,233.8999938964844,231.0,232.75,1762700,48.79073747146021
2021-07-06,NKE,159.9199981689453,160.44000244140625,157.86000061035156,160.11000061035156,6671000,80.0360784882538
2021-07-07,DIS,172.86000061035156,174.32000732421875,171.99000549316406,172.82000732421875,6757300,40.769928261003926
2021-07-07,MCD,231.9199981689453,234.9900054931641,231.72000122070312,234.6300048828125,2069400,54.023796591316895
2021-07-07,NKE,160.16000366210938,161.5,158.27999877929688,160.16000366210938,5408300,80.06937063158325
2021-07-08,DIS,170.17999267578125,173.75,169.80999755859375,172.8000030517578,6960100,40.72701698341713
2021-07-08,MCD,232.9499969482422,233.8300018310547,231.94000244140625,232.83999633789065,1932600,48.89994758066168
2021-07-08,NKE,158.1699981689453,160.82000732421875,157.35000610351562,160.6300048828125,6081600,80.4002229570414
2021-07-09,DIS,174.6999969482422,177.52000427246094,173.92999267578125,177.0399932861328,7873300,52.20873341575656
2021-07-09,MCD,234.07000732421875,236.22999572753903,233.0599975585937,235.67999267578125,2560500,56.02607823421134
2021-07-09,NKE,161.69000244140625,161.9600067138672,160.50999450683594,161.0,5002300,80.67222781877938
2021-07-12,DIS,177.7100067138672,184.9900054931641,177.3699951171875,184.3800048828125,21835500,64.88860145743922
2021-07-12,MCD,234.58999633789065,236.2400054931641,234.5,235.6100006103516,2158600,55.81947652638179
2021-07-12,NKE,161.63999938964844,162.42999267578125,160.7100067138672,161.82000732421875,4992200,81.29189950327914
2021-07-13,DIS,184.08999633789065,185.6699981689453,181.83999633789065,183.6499938964844,12534600,63.09559213654795
2021-07-13,MCD,235.6600036621093,237.47000122070312,235.1999969482422,236.1699981689453,1884600,57.18001917419249
2021-07-13,NKE,161.35000610351562,162.30999755859375,161.00999450683594,161.58999633789062,5747700,80.51214697069481
2021-07-14,DIS,185.1999969482422,186.2899932861328,182.0800018310547,183.4199981689453,8787300,62.50954101801357
2021-07-14,MCD,237.02999877929688,239.0500030517578,236.63999938964844,237.1300048828125,1993200,59.483507241837984
2021-07-14,NKE,161.8699951171875,162.72999572753906,161.33999633789062,161.5399932861328,4928000,80.33174994867565
2021-07-15,DIS,183.4499969482422,185.4199981689453,183.0500030517578,184.1499938964844,7867000,63.66317667054942
2021-07-15,MCD,236.58999633789065,237.38999938964844,234.9199981689453,236.8800048828125,2165800,58.5994438356389
2021-07-15,NKE,160.86000061035156,162.1999969482422,160.38999938964844,161.69000244140625,6432500,80.47310362746981
2021-07-16,DIS,184.94000244140625,185.2899932861328,178.9199981689453,179.30999755859375,8348800,52.19517672213889
2021-07-16,MCD,237.7899932861328,237.8800048828125,234.3800048828125,234.75,1680900,51.56731754935877
2021-07-16,NKE,161.6199951171875,161.6999969482422,159.63999938964844,159.85000610351562,6603700,73.49579749988806
2021-07-19,DIS,175.7100067138672,176.47999572753906,172.16000366210938,172.9499969482422,14651800,41.59258384601483
2021-07-19,MCD,232.509994506836,233.32000732421875,226.4199981689453,229.259994506836,3774900,38.68235997949175
2021-07-19,NKE,158.14999389648438,158.82000732421875,156.60000610351562,157.8699951171875,7377100,66.7853208677567
2021-07-20,DIS,173.6999969482422,177.50999450683594,172.8699951171875,176.75,8372400,48.34426232284799
2021-07-20,MCD,230.6499938964844,235.5200042724609,230.2100067138672,234.2700042724609,3275600,50.771055814935
2021-07-20,NKE,157.25999450683594,160.42999267578125,156.5800018310547,159.74000549316406,4629200,69.6077010481048
2021-07-21,DIS,176.5,177.89999389648438,175.32000732421875,176.88999938964844,6302200,48.58009387965917
2021-07-21,MCD,235.97999572753903,238.1100006103516,235.22000122070312,235.92999267578125,2146600,54.00655381326273
2021-07-21,NKE,160.5,161.42999267578125,160.00999450683594,161.0800018310547,5393100,71.47799464907403
2021-07-22,DIS,176.6999969482422,176.72000122070312,173.89999389648438,175.1300048828125,5713700,45.7521872601881
2021-07-22,MCD,235.6499938964844,239.69000244140625,235.1600036621093,238.6699981689453,2538300,58.81783610929909
2021-07-22,NKE,161.11000061035156,163.75,160.92999267578125,163.67999267578125,4851500,74.72769939592011
2021-07-23,DIS,175.66000366210938,176.5,174.02999877929688,176.13999938964844,5126300,47.635975640649605
2021-07-23,MCD,240.1300048828125,245.0500030517578,239.6000061035156,242.9600067138672,3996400,64.99254919065825
2021-07-23,NKE,164.35000610351562,166.4499969482422,163.72999572753906,166.36000061035156,4217700,77.56519438480653
2021-07-26,DIS,175.6199951171875,178.77999877929688,175.33999633789062,178.74000549316406,5641000,52.23436243879378
2021-07-26,MCD,242.0,244.57000732421875,241.6000061035156,243.97999572753903,2638400,66.28683206178677
2021-07-26,NKE,165.7100067138672,166.52999877929688,163.82000732421875,165.08999633789062,3858800,73.36167230723203
2021-07-27,DIS,178.25,179.55999755859375,176.57000732421875,179.5,6684100,53.519253612620055
2021-07-27,MCD,244.1699981689453,247.0500030517578,244.0599975585937,246.3500061035156,3135200,69.1416646615189
2021-07-27,NKE,164.82000732421875,165.61000061035156,162.5800018310547,164.57000732421875,4359000,71.64955462696663
2021-07-28,DIS,179.69000244140625,180.3500061035156,177.5500030517578,179.10000610351562,5926900,52.71551138648998
2021-07-28,MCD,242.5,243.8000030517578,239.3500061035156,241.77999877929688,4948500,58.8016343337457
2021-07-28,NKE,164.49000549316406,165.89999389648438,164.0800018310547,165.4600067138672,4093600,72.81881956535032
2021-07-29,DIS,179.80999755859375,181.4199981689453,178.27000427246094,178.35000610351562,6209100,51.16396933903409
2021-07-29,MCD,243.32000732421875,245.1999969482422,242.97999572753903,244.0200042724609,2572300,61.81589925181624
2021-07-29,NKE,165.89999389648438,167.02999877929688,165.38999938964844,166.99000549316406,3605600,74.74701817880216
2021-07-30,DIS,177.52999877929688,179.1999969482422,175.13999938964844,176.02000427246094,6813400,46.5774760802886
2021-07-30,MCD,243.8500061035156,245.4100036621093,242.2100067138672,242.7100067138672,2336800,59.092928176995215
2021-07-30,NKE,166.58999633789062,167.8699951171875,166.35000610351562,167.50999450683594,5364400,75.38609309736644
2021-08-02,DIS,177.22000122070312,178.82000732421875,175.30999755859375,175.5500030517578,5847200,45.68777534774839
2021-08-02,MCD,244.2400054931641,244.67999267578125,239.69000244140625,240.1000061035156,2693900,53.99009109542312
2021-08-02,NKE,169.05999755859375,169.97999572753906,168.02999877929688,168.75,5532500,76.88815505488634
2021-08-03,DIS,176.02000427246094,176.1300048828125,170.9199981689453,172.99000549316406,9931300,41.0844590337697
2021-08-03,MCD,239.5599975585937,239.9499969482422,235.25,236.9499969482422,3300000,48.54193923042004
2021-08-03,NKE,169.22000122070312,171.5,168.49000549316406,171.22999572753906,5718100,79.57302556980616
2021-08-04,DIS,172.5,173.25,171.33999633789062,172.5800018310547,5665800,40.38268250484599
2021-08-04,MCD,236.4499969482422,236.6000061035156,233.0500030517578,234.8300018310547,2240600,45.23364265483991
2021-08-04,NKE,171.36000061035156,172.33999633789062,170.9600067138672,171.91000366210938,4646200,80.25049948413206
2021-08-05,DIS,172.49000549316406,177.1199951171875,172.49000549316406,176.7100067138672,8864200,49.702640680260295
2021-08-05,MCD,235.7400054931641,236.8099975585937,234.33999633789065,236.4199981689453,2230500,48.09107087448625
2021-08-05,NKE,171.41000366210938,174.0,171.17999267578125,173.85000610351562,3824000,82.07681839942609
2021-08-06,DIS,177.42999267578125,178.80999755859375,176.6300048828125,177.1300048828125,5505200,50.5492746964916
2021-08-06,MCD,236.67999267578125,237.13999938964844,235.6699981689453,236.259994506836,1558600,47.8206777261966
2021-08-06,NKE,174.36000061035156,174.3800048828125,172.6999969482422,172.8000030517578,4088700,77.87908998422611
2021-08-09,DIS,177.0,177.30999755859375,175.05999755859375,176.72000122070312,5339000,49.670308031816354
2021-08-09,MCD,235.7899932861328,236.07000732421875,234.02999877929688,234.67999267578125,2093100,45.12269821749376
2021-08-09,NKE,172.5,173.05999755859375,171.6199951171875,171.77000427246094,3612800,73.8870665626177
2021-08-10,DIS,176.25,177.39999389648438,175.5800018310547,177.07000732421875,5185000,50.46220146921443
2021-08-10,MCD,235.1000061035156,235.1000061035156,233.2400054931641,233.4499969482422,2027500,43.08482147064059
2021-08-10,NKE,171.55999755859375,173.9600067138672,171.42999267578125,172.27000427246094,3747100,74.56855918091946
2021-08-11,DIS,177.36000061035156,178.49000549316406,176.50999450683594,178.08999633789062,5359900,52.79324906771015
2021-08-11,MCD,234.19000244140625,235.94000244140625,233.75,235.5500030517578,1969100,47.44865639975384
2021-08-11,NKE,172.0,173.22000122070312,170.94000244140625,171.27000427246094,4078300,70.60006909687262
2021-08-12,DIS,178.08999633789062,179.72000122070312,176.4499969482422,179.2899932861328,11081300,55.44931098644032
2021-08-12,MCD,236.0,236.759994506836,235.0500030517578,236.6699981689453,1490800,49.66526128438036
2021-08-12,NKE,170.88999938964844,171.32000732421875,169.47999572753906,170.63999938964844,3997100,68.13971038733823
2021-08-13,DIS,186.2899932861328,187.5800018310547,180.8800048828125,181.0800018310547,32504600,59.14221913157529
2021-08-13,MCD,236.7899932861328,239.0,236.2700042724609,238.82000732421875,1699700,53.70238402317631
2021-08-13,NKE,170.4499969482422,171.72000122070312,168.77999877929688,171.69000244140625,2966200,70.01524522095168
2021-08-16,DIS,180.509994506836,180.58999633789065,176.50999450683594,179.08999633789062,8746700,53.80270158422783
2021-08-16,MCD,239.0,241.0500030517578,238.5599975585937,240.97000122070312,2175300,57.38337528094024
2021-08-16,NKE,170.6999969482422,172.39999389648438,169.66000366210938,172.36000061035156,3530200,71.18103832652226
2021-08-17,DIS,177.14999389648438,178.4499969482422,174.9199981689453,175.8300018310547,8534500,46.41058627153616
2021-08-17,MCD,240.3500061035156,240.83999633789065,238.2100067138672,240.27999877929688,1652000,55.848697207663335
2021-08-17,NKE,171.5399932861328,171.6999969482422,169.3800048828125,170.66000366210938,3602900,64.34513507726098
2021-08-18,DIS,175.89999389648438,176.7899932861328,174.5,174.74000549316406,7063500,44.22280553169973
2021-08-18,MCD,239.44000244140625,239.759994506836,237.77999877929688,238.0800018310547,2215500,51.15143152419888
2021-08-18,NKE,169.75,171.8000030517578,168.66000366210938,168.80999755859375,5487400,57.835780996356256
2021-08-19,DIS,174.0,174.67999267578125,172.55999755859375,173.25,8478600,41.35306916118712
2021-08-19,MCD,236.67999267578125,238.1199951171875,236.07000732421875,237.22999572753903,1455400,49.42187043785231
2021-08-19,NKE,166.9600067138672,167.5399932861328,164.3699951171875,165.58999633789062,7336300,48.61692155911575
2021-08-20,DIS,173.0,175.2100067138672,172.64999389648438,175.1199951171875,6239600,46.08203813241476
2021-08-20,MCD,236.9600067138672,239.38999938964844,236.32000732421875,238.4900054931641,1989700,52.01214613573385
2021-08-20,NKE,166.27000427246094,168.00999450683594,165.4199981689453,167.7899932861328,4039100,54.01064453501544
2021-08-23,DIS,177.0800018310547,178.30999755859375,175.91000366210938,177.66000366210938,7395900,51.77071642863573
2021-08-23,MCD,239.4600067138672,240.07000732421875,237.9900054931641,239.6600036621093,2086900,54.35001332467112
2021-08-23,NKE,169.4499969482422,170.89999389648438,169.17999267578125,169.72000122070312,3796500,58.16001087492627
2021-08-24,DIS,177.9199981689453,180.0800018310547,177.75999450683594,178.47000122070312,5886900,53.457130727721456
2021-08-24,MCD,240.38999938964844,240.38999938964844,238.32000732421875,238.42999267578125,1687700,51.50895754430438
2021-08-24,NKE,169.60000610351562,170.8699951171875,168.88999938964844,169.97999572753906,3133100,58.70058851840002
2021-08-25,DIS,178.16000366210938,178.58999633789062,176.8800048828125,178.30999755859375,4842100,53.06242678027823
2021-08-25,MCD,237.92999267578125,239.6000061035156,237.83999633789065,238.8300018310547,1668000,52.380740487769614
2021-08-25,NKE,170.0,170.69000244140625,169.52999877929688,169.83999633789062,3003800,58.26405870912045
2021-08-26,DIS,178.33999633789062,178.94000244140625,176.33999633789062,176.55999755859375,4563000,48.81692475978952
2021-08-26,MCD,238.7899932861328,238.9199981689453,235.9199981689453,236.9499969482422,2008000,48.01186974870159
2021-08-26,NKE,169.3800048828125,169.52000427246094,166.27000427246094,166.9199981689453,4069600,49.924776026488544
2021-08-27,DIS,176.27999877929688,180.5399932861328,176.27999877929688,180.13999938964844,8697000,56.48686831788227
2021-08-27,MCD,237.42999267578125,238.3699951171875,236.3699951171875,237.47999572753903,1784000,49.295801847317314
2021-08-27,NKE,167.27000427246094,168.07000732421875,166.27999877929688,167.5800018310547,3012400,51.61065409995137
2021-08-30,DIS,180.5,181.38999938964844,178.8699951171875,179.97999572753906,6421300,56.08236372322997
2021-08-30,MCD,237.33999633789065,237.759994506836,235.8600006103516,236.58999633789065,2245600,47.188282585971386
2021-08-30,NKE,167.88999938964844,168.41000366210938,166.57000732421875,168.02999877929688,3537100,52.7779894630551
2021-08-31,DIS,179.25,182.97999572753903,178.52999877929688,181.3000030517578,8620000,58.70935556416973
2021-08-31,MCD,235.75,237.72999572753903,234.6699981689453,237.4600067138672,2938100,49.46281470454637
2021-08-31,NKE,167.5500030517578,167.67999267578125,164.1999969482422,164.74000549316406,7545600,44.3534947503163
2021-09-01,DIS,181.9600067138672,184.2100067138672,181.77999877929688,183.47999572753903,7302800,62.67970070284722
2021-09-01,MCD,237.8800048828125,239.0399932861328,237.2100067138672,238.1499938964844,2197100,51.25583694054106
2021-09-01,NKE,164.9199981689453,166.6199951171875,164.0800018310547,164.55999755859375,4706500,43.94022405817204
2021-09-02,DIS,184.1600036621093,185.3000030517578,181.5500030517578,181.8600006103516,6492600,58.20101570074081
2021-09-02,MCD,239.1999969482422,239.9499969482422,238.3800048828125,239.8699951171875,2140200,55.49478365512711
2021-09-02,NKE,165.24000549316406,165.42999267578125,162.7899932861328,163.6699981689453,4632100,41.86328929774689
2021-09-03,DIS,181.82000732421875,181.82000732421875,179.1300048828125,181.0,6847400,55.91680738258879
2021-09-03,MCD,238.38999938964844,239.6499938964844,237.509994506836,238.82000732421875,1339300,52.49366992458364
2021-09-03,NKE,163.1999969482422,164.1699981689453,162.22000122070312,163.2899932861328,4254500,40.97277656236098
2021-09-07,DIS,181.0200042724609,185.5500030517578,180.0500030517578,184.33999633789065,10702900,62.13267413892585
2021-09-07,MCD,238.6100006103516,238.6100006103516,235.9499969482422,236.19000244140625,1820000,45.81090545399535
2021-09-07,NKE,163.6999969482422,163.86000061035156,161.91000366210938,162.63999938964844,5648800,39.42782663227373
2021-09-08,DIS,184.33999633789065,187.4600067138672,183.9199981689453,185.1499938964844,8634000,63.47763591196547
2021-09-08,MCD,236.8000030517578,239.4600067138672,236.0,238.6199951171875,2718400,51.9034191710247
2021-09-08,NKE,162.0,162.08999633789062,159.75,160.7100067138672,6591700,35.18541541673957
2021-09-09,DIS,185.1499938964844,187.5800018310547,184.57000732421875,185.9100036621093,7190700,64.74298678358453
2021-09-09,MCD,238.4199981689453,241.42999267578125,237.7700042724609,238.6100006103516,2992200,51.87758435015548
2021-09-09,NKE,165.25999450683594,166.14999389648438,163.1999969482422,163.33999633789062,8414800,44.02421302855552
2021-09-10,DIS,186.3600006103516,187.1000061035156,184.009994506836,184.1199951171875,5572200,59.51317762534983
2021-09-10,MCD,240.32000732421875,241.32000732421875,239.0399932861328,239.17999267578125,2035200,53.30506868640546
2021-09-10,NKE,164.25,165.66000366210938,163.44000244140625,163.58999633789062,4252100,44.79488650379492
2021-09-13,DIS,185.1199951171875,185.8000030517578,183.5,184.97999572753903,6818200,61.13742804726899
2021-09-13,MCD,240.8300018310547,241.8000030517578,239.83999633789065,241.2100067138672,2294800,58.074997948058005
2021-09-13,NKE,161.55999755859375,162.9199981689453,158.3300018310547,159.52000427246094,8814500,36.08463398989738
2021-09-14,DIS,184.9600067138672,185.1300048828125,182.1499938964844,182.3999938964844,6185900,54.12250196844936
2021-09-14,MCD,241.72999572753903,242.25,239.5,241.1300048828125,2013800,57.82430725821545
2021-09-14,NKE,159.1699981689453,159.38999938964844,157.07000732421875,158.75999450683594,5323900,34.72670765908378
2021-09-15,DIS,182.0599975585937,184.6600036621093,181.1000061035156,184.4100036621093,5933400,58.15117515413984
2021-09-15,MCD,240.47000122070312,241.2700042724609,238.17999267578125,240.97999572753903,2507200,57.32462634953005
2021-09-15,NKE,157.5,158.32000732421875,155.6699981689453,157.91000366210938,6827100,33.22098107723528
2021-09-16,DIS,183.97000122070312,184.63999938964844,182.1199951171875,183.33999633789065,5678200,55.36400747171242
2021-09-16,MCD,240.2899932861328,243.58999633789065,239.9499969482422,243.2100067138672,3410700,62.51096110528975
2021-09-16,NKE,157.58999633789062,159.00999450683594,157.1999969482422,157.60000610351562,5085900,32.66470553864909
2021-09-17,DIS,182.9100036621093,185.8999938964844,182.72999572753903,183.47000122070312,10035100,55.64219155668063
2021-09-17,MCD,243.83999633789065,244.6300048828125,241.8800048828125,242.4900054931641,4756600,59.97655815298415
2021-09-17,NKE,157.9600067138672,161.0,156.07000732421875,156.4199981689453,7944800,30.566560895131524
2021-09-20,DIS,179.74000549316406,180.8800048828125,176.5500030517578,178.61000061035156,8056600,44.48156686653256
2021-09-20,MCD,239.8800048828125,241.9600067138672,236.63999938964844,239.08999633789065,4549900,49.72429664413042
2021-09-20,NKE,153.72999572753906,155.27000427246094,152.32000732421875,154.25,7041200,27.117044918285867
2021-09-21,DIS,180.32000732421875,182.22999572753903,169.02999877929688,171.1699981689453,23216000,33.42773862230508
2021-09-21,MCD,240.0,242.3500061035156,239.3999938964844,240.5,2008300,53.29021077552174
2021-09-21,NKE,155.08999633789062,156.1300048828125,153.5800018310547,155.02000427246094,5857900,30.1301870237028
2021-09-22,DIS,172.94000244140625,175.33999633789062,171.66000366210938,173.64999389648438,14214500,38.88002133891055
2021-09-22,MCD,241.8000030517578,245.8600006103516,241.47000122070312,243.1300048828125,3361900,59.11520557357058
2021-09-22,NKE,156.7899932861328,158.0,155.60000610351562,157.44000244140625,6844800,38.70674300227563
2021-09-23,DIS,174.94000244140625,177.19000244140625,174.3699951171875,176.25,8052900,44.05331938785856
2021-09-23,MCD,243.7400054931641,245.9499969482422,243.52999877929688,244.77999877929688,2941700,62.29228664831674
2021-09-23,NKE,158.7100067138672,160.2899932861328,158.27000427246094,159.5800018310547,11981500,45.1218790869098
2021-09-24,DIS,175.3000030517578,176.6999969482422,175.0800018310547,176.0,5712800,43.670562148870246
2021-09-24,MCD,246.63999938964844,247.3800048828125,245.2400054931641,246.4199981689453,2508800,65.18791331496938
2021-09-24,NKE,151.0399932861328,151.85000610351562,148.0,149.58999633789062,26913300,29.56534403290379
2021-09-27,DIS,176.6300048828125,179.4499969482422,175.9600067138672,178.25999450683594,7755000,48.0636348005339
2021-09-27,MCD,246.0,248.8999938964844,245.27999877929688,248.1100006103516,2463300,67.92162703239462
2021-09-27,NKE,149.50999450683594,149.91000366210938,147.2899932861328,148.0399932861328,11479300,27.954936777580343
2021-09-28,DIS,177.75,178.0,173.86000061035156,174.52000427246094,9133100,42.19850294012182
2021-09-28,MCD,247.2899932861328,247.7100067138672,242.9100036621093,243.7700042724609,3007500,55.80268321318697
2021-09-28,NKE,147.33999633789062,147.52999877929688,145.0,145.3000030517578,10692300,25.328519471947068
2021-09-29,DIS,174.25,174.9600067138672,172.58999633789062,172.67999267578125,6240800,39.63588144125281
2021-09-29,MCD,244.3800048828125,245.7100067138672,243.1499938964844,244.27999877929688,1719000,56.77860780538786
2021-09-29,NKE,145.7100067138672,147.94000244140625,145.69000244140625,146.02000427246094,7794900,27.26241494213068
2021-09-30,DIS,173.10000610351562,173.67999267578125,169.10000610351562,169.1699981689453,13978000,35.23956882206028
2021-09-30,MCD,244.7700042724609,245.4199981689453,240.82000732421875,241.1100006103516,3136800,49.466981826550665
2021-09-30,NKE,145.8800048828125,147.47999572753906,144.4199981689453,145.22999572753906,10133600,26.452882105236952
2021-10-01,DIS,172.27999877929688,177.32000732421875,171.97000122070312,176.00999450683594,12165000,47.467711171661925
2021-10-01,MCD,243.07000732421875,244.69000244140625,240.25,242.92999267578125,2076000,53.19371712814155
2021-10-01,NKE,145.22000122070312,148.0,144.3699951171875,147.05999755859375,8112300,31.52518774871032
2021-10-04,DIS,175.55999755859375,175.9600067138672,172.6699981689453,173.4600067138672,7200600,44.122827596105
2021-10-04,MCD,242.0599975585937,244.8099975585937,241.8600006103516,243.0800018310547,2236500,53.49812559120708
2021-10-04,NKE,147.05999755859375,147.6199951171875,145.75999450683594,147.13999938964844,7951000,31.74680106547221
2021-10-05,DIS,173.8300018310547,176.24000549316406,173.61000061035156,174.61000061035156,6798200,45.97186134445193
2021-10-05,MCD,243.97000122070312,246.8800048828125,243.009994506836,245.22000122070312,2463100,57.72232341951031
2021-10-05,NKE,148.0,151.0,147.82000732421875,149.4600067138672,10881900,38.01215558290472
2021-10-06,DIS,173.0,175.7100067138672,171.5500030517578,175.47999572753906,6005200,47.39020983124483
2021-10-06,MCD,244.5599975585937,247.1600036621093,243.0200042724609,247.1000061035156,2107900,61.06818842012235
2021-10-06,NKE,148.0,149.4600067138672,147.50999450683594,148.8000030517578,7610700,36.972375097763845
2021-10-07,DIS,177.6999969482422,179.6300048828125,177.3300018310547,177.7100067138672,7780000,50.94505437497892
2021-10-07,MCD,248.0,249.9499969482422,247.67999267578125,248.32000732421875,2423900,63.1085582867031
2021-10-07,NKE,150.3000030517578,153.66000366210938,150.25999450683594,151.85000610351562,7958000,44.524344452757006
2021-10-08,DIS,177.92999267578125,178.60000610351562,176.39999389648438,176.74000549316406,4132200,49.38200490469427
2021-10-08,MCD,249.25,249.6300048828125,247.1100006103516,247.6999969482422,1687500,61.34887595384565
2021-10-08,NKE,152.22000122070312,152.8699951171875,150.6699981689453,152.47999572753906,6333700,45.96455444652798
2021-10-11,DIS,176.02000427246094,176.52000427246094,173.47999572753906,173.52000427246094,8046300,44.50100345748743
2021-10-11,MCD,248.1000061035156,249.13999938964844,246.4499969482422,246.5800018310547,1504000,58.19231965667273
2021-10-11,NKE,151.99000549316406,153.58999633789062,150.05999755859375,150.27999877929688,5551200,41.87606734507717
2021-10-12,DIS,173.6199951171875,174.49000549316406,172.5500030517578,173.1300048828125,5188400,43.93458252254058
2021-10-12,MCD,247.72999572753903,248.6000061035156,244.17999267578125,244.5200042724609,2346700,52.81012518089423
2021-10-12,NKE,152.4199981689453,153.60000610351562,151.3000030517578,153.35000610351562,7408600,48.72951387947461
2021-10-13,DIS,173.6300048828125,173.6999969482422,170.94000244140625,172.9600067138672,8914700,43.673634609186735
2021-10-13,MCD,243.2700042724609,243.8699951171875,239.8999938964844,242.6499938964844,3214300,48.43107594483645
2021-10-13,NKE,154.32000732421875,156.6699981689453,153.16000366210938,156.3000030517578,8456300,54.30507802632388
2021-10-14,DIS,174.07000732421875,176.02000427246094,174.0,174.41000366210938,7450200,46.58767988759352
2021-10-14,MCD,242.8800048828125,245.4199981689453,242.0399932861328,244.5500030517578,2512000,52.720797782277785
2021-10-14,NKE,158.17999267578125,158.4600067138672,156.25,157.13999938964844,6024500,55.7797094447162
2021-10-15,DIS,175.69000244140625,178.88999938964844,174.10000610351562,176.4600067138672,13943900,50.48772434578213
2021-10-15,MCD,245.2400054931641,246.3800048828125,241.9900054931641,242.25,2564700,47.56296365719989
2021-10-15,NKE,157.8000030517578,158.3300018310547,156.55999755859375,158.00999450683594,5532100,57.31610721711951
2021-10-18,DIS,172.36000061035156,173.33999633789062,169.8000030517578,171.13999938964844,20494800,41.93102946997361
2021-10-18,MCD,242.4199981689453,243.4499969482422,241.1300048828125,242.259994506836,2484900,47.586959852576896
2021-10-18,NKE,157.30999755859375,159.47000122070312,155.9499969482422,159.42999267578125,5765300,59.7728356352101
2021-10-19,DIS,171.44000244140625,171.5800018310547,170.17999267578125,171.17999267578125,9669500,42.01059563773259
2021-10-19,MCD,243.22000122070312,243.92999267578125,241.52999877929688,242.7700042724609,2071600,48.8727164921331
2021-10-19,NKE,159.67999267578125,159.92999267578125,156.8000030517578,157.82000732421875,6198200,55.84801601111516
2021-10-20,DIS,170.97000122070312,171.02000427246094,169.8800048828125,170.5500030517578,9737600,41.056273857693206
2021-10-20,MCD,240.3999938964844,242.6499938964844,239.2899932861328,239.72000122070312,3040200,42.20483202983608
2021-10-20,NKE,158.5,158.8000030517578,157.32000732421875,158.4499969482422,4487000,57.03681510895085
2021-10-21,DIS,170.1999969482422,172.5,170.10000610351562,171.33999633789062,7509000,42.810662273005896
2021-10-21,MCD,240.1699981689453,241.9100036621093,239.3099975585937,241.3999938964844,2702400,46.53203291022482
2021-10-21,NKE,158.4499969482422,162.33999633789062,158.27999877929688,162.17999267578125,6121700,63.33195790138738
2021-10-22,DIS,170.57000732421875,170.8000030517578,168.60000610351562,169.4199981689453,7854300,39.71664445050681
2021-10-22,MCD,240.7100067138672,242.2400054931641,238.0,238.44000244140625,3283700,40.74381386341612
2021-10-22,NKE,162.27999877929688,164.6199951171875,162.27999877929688,163.47999572753906,5323000,65.24342493484437
2021-10-25,DIS,169.89999389648438,172.57000732421875,169.02999877929688,172.00999450683594,9798700,45.4445043803947
2021-10-25,MCD,239.22999572753903,239.25,236.5,237.33999633789065,3178400,38.81164829095886
2021-10-25,NKE,163.22999572753906,164.72999572753906,162.66000366210938,164.22000122070312,3878200,66.31971685499765
2021-10-26,DIS,172.9499969482422,173.1199951171875,170.7100067138672,172.0399932861328,5850200,45.50908588819581
2021-10-26,MCD,237.47000122070312,238.3999938964844,236.13999938964844,236.4199981689453,3066400,37.22179684463399
2021-10-26,NKE,164.82000732421875,165.4499969482422,163.1199951171875,163.7899932861328,4711200,65.05897397335615
2021-10-27,DIS,171.77000427246094,172.0399932861328,169.42999267578125,169.5500030517578,7054700,41.1543287325445
2021-10-27,MCD,241.0500030517578,244.6199951171875,238.8500061035156,242.72999572753903,5249400,51.80423772204292
2021-10-27,NKE,163.64999389648438,164.05999755859375,161.66000366210938,162.35000610351562,4163900,60.88489858315994
2021-10-28,DIS,169.47999572753906,170.35000610351562,168.60000610351562,169.67999267578125,7884500,41.469209363548046
2021-10-28,MCD,243.3999938964844,246.0800018310547,242.52999877929688,245.5,3448500,56.57311308502819
2021-10-28,NKE,163.00999450683594,164.60000610351562,162.80999755859375,164.4600067138672,3762000,64.48092868856104
2021-10-29,DIS,169.02000427246094,170.4600067138672,168.14999389648438,169.07000732421875,7598800,40.37735505037301
2021-10-29,MCD,243.0,246.08999633789065,242.47000122070312,245.5500030517578,4329400,56.656487342345166
2021-10-29,NKE,163.05999755859375,167.6300048828125,163.0,167.2899932861328,6740600,68.64461051960778
2021-11-01,DIS,169.2100067138672,171.25,169.08999633789062,170.19000244140625,8182900,43.32781873880433
2021-11-01,MCD,245.8000030517578,251.69000244140625,245.33999633789065,250.5800018310547,4456200,64.11912503990136
2021-11-01,NKE,167.8000030517578,168.8000030517578,165.88999938964844,166.3300018310547,3610800,65.82571366242281
2021-11-02,DIS,170.02999877929688,170.85000610351562,168.97999572753906,169.8300018310547,6777200,42.59812385848998
2021-11-02,MCD,251.759994506836,252.22000122070312,248.1600036621093,249.2400054931641,2624300,61.10100160382104
2021-11-02,NKE,166.75999450683594,168.16000366210938,166.11000061035156,167.8300018310547,5038000,68.03454333806862
2021-11-03,DIS,169.6999969482422,170.19000244140625,168.3699951171875,170.0800018310547,6829300,43.312104217525125
2021-11-03,MCD,247.9900054931641,251.1300048828125,247.9100036621093,250.3999938964844,2399000,62.73620294859753
2021-11-03,NKE,169.0,172.8699951171875,168.64999389648438,172.5,7176700,73.72789252690055
2021-11-04,DIS,170.02999877929688,170.4199981689453,168.6699981689453,170.27999877929688,7505500,43.91312496523228
2021-11-04,MCD,251.1199951171875,254.17999267578125,250.1999969482422,253.4600067138672,2711000,66.7115959794076
2021-11-04,NKE,172.2100067138672,175.6300048828125,172.0,175.44000244140625,5460100,76.55854839379491
2021-11-05,DIS,173.5,176.99000549316406,172.3300018310547,175.6300048828125,16859200,57.03577859556109
2021-11-05,MCD,254.69000244140625,257.5299987792969,254.6199951171875,254.7100067138672,3224300,68.20383751636238
2021-11-05,NKE,175.72999572753906,179.10000610351562,175.5,177.50999450683594,5892200,78.32897258949195
2021-11-08,DIS,178.69000244140625,179.25,176.10000610351562,176.8699951171875,10584600,59.40642300162846
2021-11-08,MCD,254.77999877929688,255.6499938964844,251.92999267578125,253.1000061035156,2471300,64.21121934688911
2021-11-08,NKE,176.35000610351562,176.5399932861328,170.36000061035156,171.85000610351562,8301100,64.07830006271905
2021-11-09,DIS,176.9499969482422,177.1199951171875,173.2100067138672,175.11000061035156,7293300,54.78575415765459
2021-11-09,MCD,252.9100036621093,253.69000244140625,250.4499969482422,252.6499938964844,2258900,63.099342368955256
2021-11-09,NKE,171.25,173.92999267578125,170.9499969482422,173.82000732421875,4343000,66.37156990921578
2021-11-10,DIS,174.69000244140625,176.8699951171875,173.8699951171875,174.4499969482422,11045800,53.117252060507326
2021-11-10,MCD,250.8099975585937,253.72000122070312,250.8099975585937,253.1300048828125,1794300,63.81901952713026
2021-11-10,NKE,171.22999572753906,172.1699981689453,167.5500030517578,168.25999450683594,8185200,55.58569662896448
2021-11-11,DIS,162.88999938964844,163.9600067138672,158.3300018310547,162.11000061035156,62366500,32.92633992549012
2021-11-11,MCD,253.3300018310547,253.3300018310547,249.259994506836,250.1600036621093,1640500,56.47924634414439
2021-11-11,NKE,169.60000610351562,169.60000610351562,166.6300048828125,166.97000122070312,4994900,53.41675883353809
2021-11-12,DIS,163.52000427246094,163.61000061035156,158.92999267578125,159.6300048828125,25638400,30.42340933930908
2021-11-12,MCD,250.1499938964844,251.009994506836,248.88999938964844,250.6699981689453,1625200,57.38556884286599
2021-11-12,NKE,167.5,169.67999267578125,167.39999389648438,169.08999633789062,5126300,56.42591297296077
2021-11-15,DIS,160.08999633789062,160.72000122070312,157.66000366210938,158.42999267578125,21285300,29.264201161851783
2021-11-15,MCD,250.6699981689453,253.759994506836,250.6699981689453,252.94000244140625,1709200,61.25338627517767
2021-11-15,NKE,169.6999969482422,170.36000061035156,168.52000427246094,168.85000610351562,3856700,55.98502323824486
2021-11-16,DIS,159.05999755859375,160.24000549316406,158.5500030517578,158.8300018310547,15516200,30.2186699890079
2021-11-16,MCD,253.5,254.19000244140625,252.3800048828125,252.4600067138672,2195500,60.01301948544037
2021-11-16,NKE,169.25,174.0,169.25,171.8300018310547,4401000,60.14890515499364
2021-11-17,DIS,158.72999572753906,158.88999938964844,156.75,157.3300018310547,14695500,28.657102445848075
2021-11-17,MCD,252.4100036621093,253.33999633789065,250.5200042724609,252.69000244140625,1412000,60.42653441280101
2021-11-17,NKE,171.60000610351562,172.74000549316406,170.25,171.74000549316406,3940200,59.96440982772416
2021-11-18,DIS,157.08999633789062,157.3000030517578,153.7100067138672,155.5800018310547,14487700,26.909953811167625
2021-11-18,MCD,253.1600036621093,253.4900054931641,251.0800018310547,253.47999572753903,1751200,61.88454929005383
2021-11-18,NKE,172.3300018310547,173.4600067138672,170.36000061035156,171.35000610351562,4044200,59.11815282859701
2021-11-19,DIS,155.02000427246094,155.2100067138672,152.77000427246094,154.0,16776500,25.40402535647938
2021-11-19,MCD,253.2899932861328,253.32000732421875,250.22999572753903,251.9499969482422,2743100,57.468441571741536
2021-11-19,NKE,172.14999389648438,177.1999969482422,170.52999877929688,174.8800048828125,6145600,64.06192883573108
2021-11-22,DIS,153.22999572753906,155.82000732421875,152.57000732421875,154.16000366210938,12790400,25.85652820879961
2021-11-22,MCD,252.6699981689453,255.4499969482422,252.2100067138672,253.47999572753903,2438700,60.50371848763735
2021-11-22,NKE,174.97999572753906,177.75,174.22999572753906,174.24000549316406,5906400,62.5842401541108
2021-11-23,DIS,153.83999633789062,154.25,150.19000244140625,151.02999877929688,17382900,22.92666951585622
2021-11-23,MCD,254.8099975585937,255.7899932861328,253.0500030517578,255.6499938964844,2770000,64.38578817029449
2021-11-23,NKE,173.0500030517578,173.42999267578125,170.41000366210938,172.14999389648438,5302100,57.88825001315874
2021-11-24,DIS,150.69000244140625,151.41000366210938,148.8000030517578,151.33999633789062,14123700,23.84703688341975
2021-11-24,MCD,254.5,257.7900085449219,254.0500030517578,257.1099853515625,2642800,66.75349916003844
2021-11-24,NKE,168.49000549316406,172.42999267578125,167.6699981689453,172.02999877929688,4637600,57.62092353972059
2021-11-26,DIS,146.8000030517578,148.85000610351562,145.85000610351562,148.11000061035156,12027700,21.02924379533286
2021-11-26,MCD,252.509994506836,253.1600036621093,248.2700042724609,250.009994506836,2573300,49.513974141091296
2021-11-26,NKE,168.05999755859375,169.67999267578125,167.5399932861328,168.02000427246094,4751100,49.409363145199386
2021-11-29,DIS,148.80999755859375,149.3000030517578,144.25,147.80999755859375,21231300,20.783601084085284
2021-11-29,MCD,251.8500061035156,252.32000732421875,249.8300018310547,250.3000030517578,2084600,50.081067083176336
2021-11-29,NKE,169.8300018310547,171.14999389648438,169.22999572753906,169.8699951171875,5448700,52.75451813241521
2021-11-30,DIS,146.72000122070312,147.27999877929688,143.11000061035156,144.89999389648438,26011100,18.5233703196686
2021-11-30,MCD,247.3800048828125,247.8999938964844,243.9499969482422,244.6000061035156,3836100,40.46117751431299
2021-11-30,NKE,168.7899932861328,171.5500030517578,167.52999877929688,169.24000549316406,11033700,51.50555766441269
2021-12-01,DIS,146.6999969482422,148.3699951171875,142.0399932861328,142.14999389648438,16469000,16.677555149609237
2021-12-01,MCD,245.759994506836,250.8999938964844,244.1100006103516,244.17999267578125,3275300,39.853688718790345
2021-12-01,NKE,170.88999938964844,173.3699951171875,166.67999267578125,166.6999969482422,6618200,46.7045270550521
2021-12-02,DIS,142.83999633789062,147.64999389648438,142.77000427246094,147.1999969482422,18177700,30.394447145942443
2021-12-02,MCD,245.6600036621093,250.33999633789065,245.0,248.8000030517578,3290500,48.93569218626623
2021-12-02,NKE,167.27999877929688,170.5500030517578,167.0,170.0,4398900,52.85338857647399
2021-12-03,DIS,147.80999755859375,148.32000732421875,144.32000732421875,146.22000122070312,14975600,29.383531472135456
2021-12-03,MCD,250.32000732421875,250.67999267578125,247.57000732421875,249.3300018310547,3229900,49.87083879934555
2021-12-03,NKE,170.6199951171875,172.07000732421875,166.75999450683594,170.24000549316406,4878500,53.2756093161042
2021-12-06,DIS,147.27999877929688,150.74000549316406,146.6699981689453,150.3699951171875,14333900,38.6839559118142
2021-12-06,MCD,252.3999938964844,256.92999267578125,252.3699951171875,255.7899932861328,3616800,59.585744623712586
2021-12-06,NKE,170.8300018310547,171.2100067138672,168.05999755859375,168.91000366210938,5636900,50.57276212719297
2021-12-07,DIS,151.83999633789062,152.75999450683594,149.72000122070312,150.80999755859375,14661100,39.59236386239518
2021-12-07,MCD,256.95001220703125,260.3800048828125,256.45001220703125,259.9100036621094,2596200,64.3332237520891
2021-12-07,NKE,171.11000061035156,173.35000610351562,170.39999389648438,171.2899932861328,5898700,54.97482263375101
2021-12-08,DIS,150.91000366210938,153.66000366210938,150.55999755859375,153.33999633789062,12886300,44.66845600239254
2021-12-08,MCD,260.0,262.8099975585937,259.0899963378906,259.5799865722656,3453100,63.68785503666031
2021-12-08,NKE,171.22000122070312,171.7899932861328,169.83999633789062,170.25,5614400,52.763444745141065
2021-12-09,DIS,152.27000427246094,154.2899932861328,151.6999969482422,152.94000244140625,11862300,44.038388886396255
2021-12-09,MCD,259.5,263.1000061035156,258.3599853515625,262.3399963378906,2955100,66.69682025474589
2021-12-09,NKE,169.2899932861328,171.1699981689453,167.99000549316406,168.10000610351562,5171600,48.42659446266709
2021-12-10,DIS,153.5800018310547,154.66000366210938,151.4499969482422,152.7100067138672,10247900,43.657067189150375
2021-12-10,MCD,263.8800048828125,265.2699890136719,262.42999267578125,264.9700012207031,2529600,69.30680507242735
2021-12-10,NKE,168.5,170.24000549316406,167.3300018310547,169.05999755859375,4791100,50.38745895867609
2021-12-13,DIS,152.1199951171875,152.5,149.2899932861328,150.42999267578125,10195800,39.9628767921691
2021-12-13,MCD,264.2200012207031,265.8599853515625,262.3999938964844,263.0899963378906,2878800,65.36337748248388
2021-12-13,NKE,168.80999755859375,169.38999938964844,165.25999450683594,166.83999633789062,5972300,46.0290835965439
2021-12-14,DIS,149.25999450683594,151.6199951171875,148.52000427246094,149.10000610351562,10872000,37.945798159371904
2021-12-14,MCD,263.0,263.5899963378906,261.75,262.5199890136719,3695500,64.17119089148852
2021-12-14,NKE,166.2899932861328,167.0800018310547,164.2100067138672,165.39999389648438,4872200,43.406373005236986
2021-12-15,DIS,148.75999450683594,150.9199981689453,147.35000610351562,150.39999389648438,12231500,41.07642890265863
2021-12-15,MCD,262.1600036621094,265.6700134277344,261.4100036621094,264.5199890136719,2641800,66.48129335470867
2021-12-15,NKE,165.0,165.6699981689453,161.82000732421875,163.89999389648438,7144600,40.79856483394078
2021-12-16,DIS,151.35000610351562,152.05999755859375,148.5800018310547,148.75,11145600,38.42658558496786
2021-12-16,MCD,265.5599975585937,266.8900146484375,264.0899963378906,265.54998779296875,2347700,67.63852056112223
2021-12-16,NKE,162.6999969482422,165.94000244140625,162.52999877929688,162.72000122070312,7138100,38.82259876299671
2021-12-17,DIS,148.50999450683594,149.83999633789062,146.57000732421875,148.75999450683594,13785000,38.45248570330247
2021-12-17,MCD,264.0,264.8500061035156,260.8800048828125,261.70001220703125,5943200,59.38541954723541
2021-12-17,NKE,161.6300048828125,162.86000061035156,160.5500030517578,161.36000061035156,7705100,36.621138199106994
2021-12-20,DIS,146.97999572753906,147.72999572753906,145.0800018310547,146.47000122070312,11201900,34.836697287304425
2021-12-20,MCD,259.6300048828125,261.9599914550781,258.42999267578125,261.7300109863281,2824500,59.4269618800382
2021-12-20,NKE,159.33999633789062,159.60000610351562,155.47000122070312,156.97999572753906,8411900,30.6024403493244
2021-12-21,DIS,147.55999755859375,151.42999267578125,147.38999938964844,151.0500030517578,10781400,45.811607659469246
2021-12-21,MCD,264.2900085449219,266.4800109863281,263.4200134277344,264.3900146484375,2851800,63.037209535858
2021-12-21,NKE,166.69000244140625,171.19000244140625,164.7100067138672,166.6300048828125,13862900,50.07188898004598
2021-12-22,DIS,150.4199981689453,152.1999969482422,149.8699951171875,151.8800048828125,7820400,47.536081848188445
2021-12-22,MCD,264.32000732421875,265.44000244140625,264.07000732421875,264.94000244140625,1795100,63.75533293787067
2021-12-22,NKE,167.24000549316406,169.0,164.08999633789062,165.44000244140625,5811300,48.27334262296876
2021-12-23,DIS,152.32000732421875,154.19000244140625,151.92999267578125,153.6300048828125,6572400,51.07161561194098
2021-12-23,MCD,265.9200134277344,267.3699951171875,265.45001220703125,265.95001220703125,1509800,65.09643349028337
2021-12-23,NKE,166.25,167.16000366210938,165.44000244140625,165.6699981689453,3876900,48.6571946643113
2021-12-27,DIS,152.8800048828125,154.02000427246094,151.39999389648438,152.8000030517578,7762000,49.3721893007843
2021-12-27,MCD,266.4700012207031,268.260009765625,266.0,268.239990234375,1485500,67.98853298572764
2021-12-27,NKE,166.52000427246094,167.69000244140625,165.47999572753906,167.5800018310547,3769300,51.85256852541576
2021-12-28,DIS,152.6199951171875,156.5,152.41000366210938,155.1999969482422,12198700,54.125635396464965
2021-12-28,MCD,267.5799865722656,269.2200012207031,267.25,267.8800048828125,1304000,67.04801405976788
2021-12-28,NKE,167.8000030517578,168.25,166.3000030517578,166.4199981689453,2658600,49.824445024870165
2021-12-29,DIS,154.55999755859375,155.9199981689453,154.17999267578125,154.8699951171875,8737000,53.38344232382536
2021-12-29,MCD,268.45001220703125,269.7200012207031,267.95001220703125,268.489990234375,1318500,67.8593592385948
2021-12-29,NKE,167.07000732421875,169.8000030517578,166.60000610351562,168.77999877929688,3830900,53.784903178601176
2021-12-30,DIS,155.7100067138672,157.07000732421875,155.50999450683594,155.92999267578125,7228400,55.49450312423373
2021-12-30,MCD,269.0,269.260009765625,266.70001220703125,267.2099914550781,1714600,64.28257951474284
2021-12-30,NKE,168.30999755859375,170.1199951171875,167.1999969482422,167.49000549316406,2666800,51.396819673978335
2021-12-31,DIS,155.8699951171875,156.57000732421875,154.74000549316406,154.88999938964844,6410200,52.96041187639854
2021-12-31,MCD,268.0,269.1199951171875,267.2099914550781,268.07000732421875,1519200,65.59474559458522
2021-12-31,NKE,167.55999755859375,167.72000122070312,166.2100067138672,166.6699981689453,2752000,49.88068936639951
2022-01-03,DIS,155.8300018310547,157.55999755859375,155.36000061035156,156.75999450683594,10222800,56.78190046726253
2022-01-03,MCD,269.489990234375,270.7300109863281,265.5599975585937,268.5799865722656,2750600,66.38341152576317
2022-01-03,NKE,167.52999877929688,167.91000366210938,163.30999755859375,164.6699981689453,5670500,46.29378405727306
2022-01-04,DIS,158.58999633789062,160.32000732421875,155.5500030517578,155.72999572753906,16582000,54.171421435376665
2022-01-04,MCD,269.5,271.1499938964844,268.2699890136719,268.510009765625,2506000,66.15930960931146
2022-01-04,NKE,165.8800048828125,167.17999267578125,165.0,166.38999938964844,6064200,49.64725146310492
2022-01-05,DIS,156.52000427246094,159.3800048828125,155.10000610351562,155.19000244140625,12272100,52.80089350547058
2022-01-05,MCD,269.29998779296875,270.2799987792969,266.8999938964844,267.19000244140625,2473000,61.913337626947126
2022-01-05,NKE,166.49000549316406,167.00999450683594,162.10000610351562,162.25,5021000,42.73102710575912
2022-01-06,DIS,156.24000549316406,157.77000427246094,153.67999267578125,156.89999389648438,11095300,56.549761013415136
2022-01-06,MCD,268.1199951171875,270.760009765625,267.79998779296875,269.69000244140625,2908400,66.32176628587813
2022-01-06,NKE,162.08999633789062,163.19000244140625,159.05999755859375,161.0399932861328,4144600,40.93607744008517
2022-01-07,DIS,156.89999389648438,159.3000030517578,156.2899932861328,157.8300018310547,9554600,58.48123191884383
2022-01-07,MCD,268.5599975585937,270.1700134277344,267.0,267.0599975585937,2209100,58.63303777795198
2022-01-07,NKE,160.77000427246094,161.13999938964844,156.86000061035156,156.97000122070312,5108000,35.52986653087783
2022-01-10,DIS,157.97999572753906,158.27000427246094,154.64999389648438,156.60000610351562,8672900,54.99903970460682
2022-01-10,MCD,266.7099914550781,266.7200012207031,262.010009765625,264.4100036621094,3122400,52.08134350570949
2022-01-10,NKE,150.52000427246094,151.3300018310547,148.77999877929688,150.44000244140625,10439000,28.928709794056
2022-01-11,DIS,156.6199951171875,158.22000122070312,155.9499969482422,157.88999938964844,8042600,57.83473518058605
2022-01-11,MCD,263.489990234375,263.95001220703125,260.32000732421875,262.1199951171875,3206200,47.17559247781704
2022-01-11,NKE,150.47999572753906,150.83999633789062,147.60000610351562,150.3000030517578,8175400,28.805145138739224
2022-01-12,DIS,158.5,158.99000549316406,156.3300018310547,157.8000030517578,6995600,57.56221580624653
2022-01-12,MCD,263.3699951171875,263.95001220703125,260.2799987792969,260.9200134277344,3044000,44.79453147175299
2022-01-12,NKE,152.1300048828125,153.4600067138672,150.74000549316406,152.2100067138672,6351200,33.00924306250283
2022-01-13,DIS,157.6999969482422,158.52999877929688,155.1699981689453,155.44000244140625,9680600,50.80198841961951
2022-01-13,MCD,261.4100036621094,263.8500061035156,260.5899963378906,261.4100036621094,2371300,45.99319997515031
2022-01-13,NKE,153.1999969482422,153.60000610351562,149.02000427246094,149.58999633789062,4990900,30.36079843409889
2022-01-14,DIS,152.35000610351562,152.6199951171875,148.4199981689453,151.94000244140625,16832000,42.778084072474805
2022-01-14,MCD,261.1400146484375,261.239990234375,257.1600036621094,257.7099914550781,3460100,39.09091014431963
2022-01-14,NKE,148.38999938964844,148.83999633789062,146.85000610351562,148.17999267578125,6030500,29.011739228546045
2022-01-18,DIS,151.11000061035156,153.1300048828125,149.8300018310547,152.27000427246094,10419500,43.681298064319066
2022-01-18,MCD,256.9599914550781,257.1000061035156,254.3099975585937,256.4800109863281,3076500,37.09781671306515
2022-01-18,NKE,148.05999755859375,148.8300018310547,146.3000030517578,146.9499969482422,6931000,27.84922319179224
2022-01-19,DIS,150.83999633789062,152.86000061035156,149.9600067138672,150.11000061035156,10413200,39.307792007194216
2022-01-19,MCD,257.54998779296875,257.95001220703125,255.0800018310547,255.22000122070312,2304700,35.12223757580622
2022-01-19,NKE,147.75999450683594,149.10000610351562,145.02000427246094,145.11000061035156,4823800,26.160460554048377
2022-01-20,DIS,150.91000366210938,152.66000366210938,147.14999389648438,147.6199951171875,11760400,34.9620709398884
2022-01-20,MCD,256.6199951171875,258.1099853515625,252.8999938964844,253.1300048828125,2602200,32.071392244068264
2022-01-20,NKE,145.4600067138672,147.3800048828125,142.5,142.72999572753906,5366500,24.122813078858588
2022-01-21,DIS,141.22999572753906,141.8699951171875,136.6300048828125,137.3800048828125,34491800,23.47032133853201
2022-01-21,MCD,254.0399932861328,258.4599914550781,253.69000244140625,254.58999633789065,3738100,36.23806123625024
2022-01-21,NKE,144.32000732421875,146.36000061035156,142.85000610351562,142.9499969482422,7553400,24.70662419563289
2022-01-24,DIS,134.82000732421875,137.67999267578125,129.25999450683594,137.4600067138672,31419500,23.68138067946978
2022-01-24,MCD,252.3800048828125,253.9199981689453,247.77999877929688,253.6100006103516,5153100,34.69948890901978
2022-01-24,NKE,140.80999755859375,146.30999755859375,139.55999755859375,146.0,9733200,32.46466507503288
2022-01-25,DIS,135.2899932861328,137.75,132.3800048828125,136.50999450683594,14694400,22.8746239565787
2022-01-25,MCD,250.8300018310547,252.52999877929688,247.07000732421875,250.67999267578125,3908600,30.5263981996904
2022-01-25,NKE,144.97000122070312,147.9600067138672,142.50999450683594,145.47999572753906,8195400,31.86188609885265
2022-01-26,DIS,137.7100067138672,138.1999969482422,132.25999450683594,133.60000610351562,14569900,20.56370988022273
2022-01-26,MCD,253.0,254.2100067138672,247.8600006103516,249.8500061035156,3839000,29.44608601017905
2022-01-26,NKE,147.77999877929688,148.97000122070312,142.72999572753906,143.99000549316406,7444600,30.1353163849851
2022-01-27,DIS,135.07000732421875,137.91000366210938,134.02000427246094,135.4199981689453,11913900,25.62454719975797
2022-01-27,MCD,249.6000061035156,252.4600067138672,245.25,248.7400054931641,5199000,28.01802092465837
2022-01-27,NKE,144.99000549316406,147.35000610351562,143.5800018310547,144.63999938964844,6396400,31.869771335838905
2022-01-28,DIS,135.2100067138672,138.69000244140625,133.55999755859375,138.6300048828125,10011700,33.65323062772285
2022-01-28,MCD,250.0,256.3500061035156,247.1600036621093,256.0899963378906,3833200,46.51499632205387
2022-01-28,NKE,144.1199951171875,146.02999877929688,140.61000061035156,145.91000366210938,6130200,35.25206888156819
2022-01-31,DIS,138.86000061035156,143.14999389648438,138.47000122070312,142.97000122070312,10185500,42.664866676183934
2022-01-31,MCD,255.0200042724609,259.5,254.44000244140625,259.45001220703125,3174200,52.52139431912233
2022-01-31,NKE,146.27000427246094,148.17999267578125,145.22000122070312,148.07000732421875,6932200,40.64885326601737
2022-02-01,DIS,143.02000427246094,144.69000244140625,142.25,144.49000549316406,8573300,45.458999776714016
2022-02-01,MCD,259.75,259.8999938964844,255.5800018310547,258.989990234375,2496500,51.66591767999749
2022-02-01,NKE,149.5,149.67999267578125,146.8000030517578,148.22000122070312,6695000,41.016510753152055
2022-02-02,DIS,144.19000244140625,144.58999633789062,141.3800048828125,142.6199951171875,9529900,42.701870954741416
2022-02-02,MCD,258.8299865722656,262.6099853515625,258.489990234375,262.2799987792969,2371500,57.0535980774311
2022-02-02,NKE,148.35000610351562,149.4600067138672,147.52999877929688,148.7100067138672,5491700,42.27454853195428
2022-02-03,DIS,140.0,142.0399932861328,139.25,140.02999877929688,9820600,39.1593496555635
2022-02-03,MCD,262.0,262.79998779296875,260.07000732421875,260.6400146484375,2242200,53.8323862703401
2022-02-03,NKE,147.39999389648438,148.4600067138672,144.97000122070312,145.30999755859375,5240200,36.46314343562421
2022-02-04,DIS,140.0399932861328,143.19000244140625,139.52999877929688,142.02000427246094,8061100,43.06745256827659
2022-02-04,MCD,259.8699951171875,261.7300109863281,257.7900085449219,260.0599975585937,1989700,52.69913667608673
2022-02-04,NKE,145.3699951171875,146.47999572753906,143.63999938964844,145.38999938964844,4313400,36.68370113144642
2022-02-07,DIS,143.38999938964844,144.08999633789062,141.61000061035156,142.50999450683594,10937500,44.02094130644733
2022-02-07,MCD,261.0,261.5799865722656,259.1700134277344,259.8500061035156,1959300,52.27011335651599
2022-02-07,NKE,145.3000030517578,146.1199951171875,144.22000122070312,145.13999938964844,3877500,36.26010661149397
2022-02-08,DIS,141.7899932861328,142.88999938964844,140.74000549316406,142.47999572753906,9231700,43.9723860976982
2022-02-08,MCD,260.5,262.3800048828125,259.1000061035156,260.0799865722656,2920000,52.72404631048306
2022-02-08,NKE,144.74000549316406,145.5,142.3000030517578,143.52999877929688,5829400,33.571549373258655
2022-02-09,DIS,144.3699951171875,147.35000610351562,143.25,147.22999572753906,22877400,52.84203220855799
2022-02-09,MCD,261.989990234375,262.8800048828125,259.4100036621094,259.8599853515625,2379300,52.21248873202956
2022-02-09,NKE,146.11000061035156,147.36000061035156,145.6699981689453,146.25999450683594,4551000,41.493223791680194
2022-02-10,DIS,156.02000427246094,157.5,151.11000061035156,152.16000366210938,42500300,59.93194812278646
2022-02-10,MCD,258.6000061035156,260.44000244140625,255.97000122070312,256.8699951171875,3246600,45.719866868910906
2022-02-10,NKE,143.9600067138672,147.5399932861328,143.85000610351562,144.82000732421875,5142600,38.860799217546536
2022-02-11,DIS,153.5399932861328,154.69000244140625,148.55999755859375,149.47000122070312,17975200,55.06711377448211
2022-02-11,MCD,256.8699951171875,258.760009765625,254.72999572753903,255.1600036621093,3592700,42.46741836129463
2022-02-11,NKE,144.75999450683594,145.05999755859375,139.55999755859375,140.17999267578125,6710500,31.849125760470585
2022-02-14,DIS,149.3699951171875,153.72999572753906,149.2100067138672,150.85000610351562,14694700,56.99567924404464
2022-02-14,MCD,255.9100036621093,256.25,251.67999267578125,253.38999938964844,2825800,39.34720416078266
2022-02-14,NKE,140.0800018310547,143.2100067138672,139.7899932861328,141.58999633789062,6841200,35.648848013744825
2022-02-15,DIS,153.5399932861328,154.85000610351562,152.50999450683594,154.72000122070312,12726000,61.93040281237946
2022-02-15,MCD,254.82000732421875,256.9200134277344,253.5599975585937,253.8099975585937,2171500,40.46499035797667
2022-02-15,NKE,144.22000122070312,146.32000732421875,144.10000610351562,145.5800018310547,7820200,44.994773510306494
2022-02-16,DIS,154.97999572753906,156.72999572753906,153.75,156.35000610351562,10656400,63.813861710790135
2022-02-16,MCD,253.7700042724609,254.6000061035156,251.1999969482422,253.08999633789065,2941800,39.13353230978889
2022-02-16,NKE,145.02000427246094,146.9499969482422,144.61000061035156,146.49000549316406,4817500,46.889307000398446
2022-02-17,DIS,154.69000244140625,155.36000061035156,152.61000061035156,152.9499969482422,8110300,57.43120272370791
2022-02-17,MCD,251.47999572753903,252.8800048828125,250.0,250.92999267578125,2831900,35.37318350710256
2022-02-17,NKE,145.5399932861328,146.91000366210938,142.63999938964844,142.8000030517578,5202300,40.75890401677088
2022-02-18,DIS,152.91000366210938,153.67999267578125,150.0500030517578,151.36000061035156,10785500,54.67702348626556
2022-02-18,MCD,250.33999633789065,252.2899932861328,250.009994506836,250.6000061035156,2813500,34.822670458165064
2022-02-18,NKE,143.3699951171875,143.94000244140625,141.80999755859375,142.9499969482422,5177400,41.09602935709643
2022-02-22,DIS,150.19000244140625,150.7899932861328,147.61000061035156,148.08999633789062,12227200,49.42717294969013
2022-02-22,MCD,250.009994506836,254.6999969482422,249.6000061035156,252.6999969482422,3980500,41.10443795191348
2022-02-22,NKE,141.58999633789062,141.63999938964844,136.16000366210938,138.19000244140625,9604500,34.40481313014859
2022-02-23,DIS,149.5,149.74000549316406,145.5,145.8699951171875,9300700,46.18502496383671
2022-02-23,MCD,253.52999877929688,253.8500061035156,247.0800018310547,247.7899932861328,3497200,33.077244685863775
2022-02-23,NKE,139.66000366210938,140.97000122070312,136.50999450683594,136.8300018310547,7636600,32.7634230439217
2022-02-24,DIS,140.0,149.57000732421875,140.0,149.39999389648438,12475500,51.61934073463059
2022-02-24,MCD,242.92999267578125,245.5800018310547,239.6100006103516,245.02999877929688,4856000,29.58030070791993
2022-02-24,NKE,133.0,137.4199981689453,130.92999267578125,137.1699981689453,8417200,33.61608189333377
2022-02-25,DIS,149.55999755859375,150.27999877929688,147.22000122070312,149.52999877929688,10149500,51.81233632666618
2022-02-25,MCD,246.0,249.52999877929688,243.6300048828125,249.4499969482422,4549700,40.43988988534035
2022-02-25,NKE,138.1300048828125,139.22000122070312,136.19000244140625,138.8000030517578,5424500,37.695414080078685
2022-02-28,DIS,147.8300018310547,149.47999572753906,146.4600067138672,148.4600067138672,10834700,50.04294440973632
2022-02-28,MCD,244.44000244140625,245.72000122070312,242.3600006103516,244.7700042724609,4410400,34.39223029865274
2022-02-28,NKE,137.05999755859375,138.3800048828125,135.0399932861328,136.5500030517578,6613300,34.54019665070152
2022-03-01,DIS,147.86000061035156,148.14999389648438,143.77999877929688,145.6999969482422,8944000,45.706957875861306
2022-03-01,MCD,242.3000030517578,243.6000061035156,238.3000030517578,239.6300048828125,3910700,29.223213724145943
2022-03-01,NKE,136.72000122070312,136.75,131.14999389648438,132.22000122070312,6534000,29.434172646819217
2022-03-02,DIS,146.30999755859375,148.47000122070312,145.9199981689453,147.33999633789062,7851000,48.55910134777324
2022-03-02,MCD,240.8500061035156,242.7400054931641,239.6100006103516,240.94000244140625,4482000,32.027193571328255
2022-03-02,NKE,132.97999572753906,136.61000061035156,132.77000427246094,135.67999267578125,7743900,37.39793570407908
2022-03-03,DIS,147.30999755859375,148.64999389648438,144.4499969482422,145.57000732421875,8048400,45.76481765925429
2022-03-03,MCD,241.009994506836,242.33999633789065,235.67999267578125,236.6499938964844,4707400,28.10094867384332
2022-03-03,NKE,136.74000549316406,136.8000030517578,133.4499969482422,133.97000122070312,4576500,35.278880434812066
2022-03-04,DIS,144.00999450683594,144.25999450683594,139.5500030517578,140.72000122070312,12913000,39.12167350291653
2022-03-04,MCD,234.6199951171875,236.38999938964844,231.63999938964844,235.8099975585937,4184100,27.39284069016089
2022-03-04,NKE,132.50999450683594,133.6199951171875,130.6999969482422,131.17999267578125,7084500,32.08450288592976
2022-03-07,DIS,140.27999877929688,140.88999938964844,133.44000244140625,133.5,14549700,31.736224974258064
2022-03-07,MCD,234.3099975585937,234.3099975585937,224.19000244140625,224.3300018310547,5425000,19.9820124029761
2022-03-07,NKE,131.0,131.02999877929688,124.16999816894533,124.44000244140624,11383400,25.96748492358698
2022-03-08,DIS,133.02000427246094,135.49000549316406,129.2899932861328,131.75,16552000,30.245800427071963
2022-03-08,MCD,224.3300018310547,229.7400054931641,222.1999969482422,222.7899932861328,5258800,19.23041641219933
2022-03-08,NKE,125.23999786376952,125.47000122070312,120.8000030517578,121.20999908447266,9089400,23.64130025252205
2022-03-09,DIS,135.49000549316406,135.5,133.36000061035156,133.64999389648438,14673100,33.87665127474813
2022-03-09,MCD,226.7899932861328,227.25,222.009994506836,222.47000122070312,5630500,19.069909175625952
2022-03-09,NKE,127.37999725341795,129.64999389648438,126.62999725341795,126.9499969482422,8845100,34.81628305053417
2022-03-10,DIS,132.36000061035156,134.1999969482422,131.6199951171875,133.63999938964844,8447200,33.86666498120592
2022-03-10,MCD,220.1999969482422,222.0500030517578,217.67999267578125,222.0,5444900,18.82142265435704
2022-03-10,NKE,124.0199966430664,126.5999984741211,124.0,126.02999877929688,7167400,33.95846283329148
2022-03-11,DIS,135.0800018310547,136.16000366210938,131.57000732421875,131.75,7058400,31.948694375426545
2022-03-11,MCD,224.7400054931641,229.1100006103516,224.1999969482422,226.8699951171875,6126300,29.12652194622877
2022-03-11,NKE,127.01000213623048,127.87000274658205,122.51000213623048,122.62999725341795,5882000,30.92587936648028
2022-03-14,DIS,130.97999572753906,133.07000732421875,128.3800048828125,129.02999877929688,9971500,29.37073292982717
2022-03-14,MCD,226.77999877929688,228.44000244140625,223.1600036621093,226.17999267578125,4436100,28.573076856113232
2022-03-14,NKE,121.52999877929688,122.4499969482422,116.75,117.56999969482422,13884900,27.05376378652325
2022-03-15,DIS,129.74000549316406,134.55999755859375,129.50999450683594,134.1999969482422,9834800,39.38282766839921
2022-03-15,MCD,227.97999572753903,234.57000732421875,227.97999572753903,232.57000732421875,5087400,39.95242300798429
2022-03-15,NKE,119.83999633789062,120.41999816894533,117.75,119.4000015258789,10431300,30.44561408196296
2022-03-16,DIS,135.64999389648438,138.97999572753906,134.94000244140625,138.13999938964844,10638700,45.700106076963344
2022-03-16,MCD,234.8699951171875,238.2100067138672,234.3600006103516,238.13999938964844,4173200,47.76437503135973
2022-03-16,NKE,122.8499984741211,126.11000061035156,121.93000030517578,125.19000244140624,11100400,39.95821304225283
2022-03-17,DIS,137.44000244140625,139.47000122070312,136.55999755859375,139.47000122070312,6816000,47.6822000798569
2022-03-17,MCD,236.44000244140625,237.47000122070312,234.5399932861328,237.47000122070312,3752800,46.97276027012352
2022-03-17,NKE,124.94000244140624,127.41000366210938,123.6999969482422,127.41000366210938,6845300,43.16765487104665
2022-03-18,DIS,139.5500030517578,140.72999572753906,138.3000030517578,140.3000030517578,11308800,48.93493912956248
2022-03-18,MCD,237.22999572753903,239.19000244140625,235.9900054931641,238.9199981689453,5336500,48.94485360735482
2022-03-18,NKE,126.8499984741211,131.4600067138672,126.6999969482422,131.24000549316406,10350900,48.30194660316207
2022-03-21,DIS,138.89999389648438,139.3000030517578,136.8800048828125,138.6199951171875,9090300,46.50748536643649
2022-03-21,MCD,239.5800018310547,240.08999633789065,234.07000732421875,235.32000732421875,3704000,44.51811198659874
2022-03-21,NKE,129.72000122070312,132.30999755859375,128.6199951171875,130.19000244140625,14388500,47.04709029930863
2022-03-22,DIS,139.05999755859375,142.19000244140625,138.89999389648438,140.11000061035156,8511600,48.92729921836661
2022-03-22,MCD,237.0399932861328,238.44000244140625,236.47000122070312,238.1199951171875,2938100,48.425207719387934
2022-03-22,NKE,137.27999877929688,139.0,132.99000549316406,133.08999633789062,19731200,50.84535423426277
2022-03-23,DIS,139.07000732421875,139.75999450683594,137.5399932861328,137.63999938964844,8761300,45.27130157641254
2022-03-23,MCD,237.1300048828125,238.009994506836,235.9499969482422,236.1199951171875,2200500,45.93679695153822
2022-03-23,NKE,132.63999938964844,135.39999389648438,131.1999969482422,133.0,8068800,50.72375826692341
2022-03-24,DIS,138.5800018310547,139.27000427246094,137.41000366210938,138.9600067138672,5858800,47.52786355920591
2022-03-24,MCD,237.5599975585937,241.0399932861328,236.47000122070312,240.259994506836,2337500,51.49336563106105
2022-03-24,NKE,133.75,134.19000244140625,131.1999969482422,132.0800018310547,5853800,49.42257032073182
2022-03-25,DIS,139.27999877929688,140.3800048828125,138.1199951171875,139.13999938964844,5949400,47.84365653064411
2022-03-25,MCD,240.5399932861328,241.8500061035156,239.42999267578125,241.5800018310547,2134800,53.14686604154274
2022-03-25,NKE,133.0500030517578,133.8699951171875,131.7100067138672,133.6999969482422,6287000,51.76878751404528
2022-03-28,DIS,138.8800048828125,139.6300048828125,136.27999877929688,138.72000122070312,8456100,47.13087496041866
2022-03-28,MCD,241.9100036621093,242.9499969482422,239.8600006103516,242.94000244140625,2041800,54.854387462066825
2022-03-28,NKE,133.75999450683594,134.86000061035156,132.1699981689453,134.80999755859375,5804100,53.36509570942152
2022-03-29,DIS,140.9600067138672,144.4600067138672,140.9600067138672,142.3800048828125,11280700,53.61600980274682
2022-03-29,MCD,246.3500061035156,248.6499938964844,244.7700042724609,248.1699981689453,2657400,60.77465343687933
2022-03-29,NKE,137.85000610351562,139.75,136.9499969482422,139.13999938964844,7275900,59.0576925165502
2022-03-30,DIS,141.30999755859375,143.27000427246094,140.0800018310547,140.9600067138672,7922400,51.00206967683359
2022-03-30,MCD,247.509994506836,250.5,247.509994506836,249.02999877929688,2227300,61.66488812411964
2022-03-30,NKE,138.97999572753906,139.86000061035156,137.55999755859375,138.5399932861328,5545800,58.00114705429997
2022-03-31,DIS,140.13999938964844,140.8800048828125,137.11000061035156,137.16000366210938,12306500,44.718972124553495
2022-03-31,MCD,249.72000122070312,251.3500061035156,247.27999877929688,247.27999877929688,3803400,58.74329330314695
2022-03-31,NKE,137.8300018310547,138.7100067138672,134.5,134.55999755859375,7206500,51.428676033883015
2022-04-01,DIS,137.33999633789062,138.10000610351562,135.52999877929688,137.0,10341000,44.47055063011464
2022-04-01,MCD,248.1199951171875,249.42999267578125,246.17999267578125,249.25,2023000,60.98425811638749
2022-04-01,NKE,134.4499969482422,135.27999877929688,132.75,133.52000427246094,5807500,49.83940644861783
2022-04-04,DIS,136.97000122070312,139.25999450683594,136.88999938964844,138.5800018310547,8174600,47.56801290356545
2022-04-04,MCD,246.7899932861328,247.2700042724609,242.3800048828125,246.8300018310547,2500700,56.895849529803385
2022-04-04,NKE,133.0500030517578,135.2100067138672,132.86000061035156,134.33999633789062,5307300,51.12194359919563
2022-04-05,DIS,137.74000549316406,139.1999969482422,135.1300048828125,135.6199951171875,8694100,42.756271552602605
2022-04-05,MCD,246.1000061035156,249.7400054931641,245.42999267578125,248.509994506836,2532500,58.953130558065645
2022-04-05,NKE,134.0399932861328,134.67999267578125,132.02000427246094,132.3000030517578,5707800,47.84444454155475
2022-04-06,DIS,133.75,133.92999267578125,130.80999755859375,132.57000732421875,11679700,38.44132248994843
2022-04-06,MCD,247.63999938964844,252.3800048828125,245.97999572753903,251.4600067138672,2886000,62.35116072744569
2022-04-06,NKE,130.0500030517578,130.3000030517578,126.33000183105467,128.36000061035156,6961000,42.21512691185781
2022-04-07,DIS,133.00999450683594,133.2100067138672,130.02000427246094,131.8699951171875,9858700,37.50577426799675
2022-04-07,MCD,250.7899932861328,255.47999572753903,249.5399932861328,254.3600006103516,4041800,65.38485171247233
2022-04-07,NKE,127.43000030517578,129.97999572753906,127.08999633789062,129.3800048828125,5320500,44.05044382270253
2022-04-08,DIS,132.0,133.1199951171875,130.6300048828125,131.8699951171875,6702000,37.50577426799674
2022-04-08,MCD,253.0399932861328,255.07000732421875,250.9199981689453,251.4600067138672,2551000,60.16400246082543
2022-04-08,NKE,129.44000244140625,129.92999267578125,127.87999725341795,128.14999389648438,4877400,42.30548468828111
2022-04-11,DIS,130.0399932861328,132.42999267578125,130.0399932861328,130.64999389648438,9915300,35.74730345995188
2022-04-11,MCD,251.25,252.94000244140625,249.92999267578125,250.4499969482422,2326700,58.41456536044676
2022-04-11,NKE,125.0999984741211,126.87000274658205,124.31999969482422,124.9800033569336,6365400,38.1149974172368
2022-04-12,DIS,131.80999755859375,133.2100067138672,130.14999389648438,130.83999633789062,7885600,36.248617919830856
2022-04-12,MCD,250.72999572753903,252.2899932861328,248.8000030517578,249.1699981689453,2724900,56.18484961488369
2022-04-12,NKE,125.1999969482422,128.10000610351562,124.33999633789062,125.04000091552734,5146800,38.23968913842867
2022-04-13,DIS,131.0500030517578,132.88999938964844,130.75,132.35000610351562,7694500,40.23923691238793
2022-04-13,MCD,249.3600006103516,251.6600036621093,249.0200042724609,251.3300018310547,2133800,59.02705309798451
2022-04-13,NKE,125.04000091552734,127.86000061035156,125.04000091552734,127.48999786376952,5119300,43.26666891896867
2022-04-14,DIS,132.80999755859375,133.58999633789062,130.35000610351562,130.47000122070312,7283500,37.12348212496666
2022-04-14,MCD,251.3300018310547,253.72999572753903,250.42999267578125,250.509994506836,2105900,57.50207945187391
2022-04-14,NKE,129.0800018310547,134.3800048828125,128.88999938964844,133.4600067138672,12811300,53.25185499623751
2022-04-18,DIS,130.07000732421875,130.22000122070312,126.81999969482422,127.7699966430664,10571000,33.15313610290024
2022-04-18,MCD,249.6300048828125,252.4900054931641,249.1300048828125,251.0599975585937,1426600,58.28061981868537
2022-04-18,NKE,132.0,133.38999938964844,130.30999755859375,131.6300048828125,5298200,50.32779032109207
2022-04-19,DIS,128.08999633789062,133.19000244140625,127.79000091552734,131.89999389648438,12767200,43.16599035633115
2022-04-19,MCD,250.0399932861328,255.9600067138672,250.0399932861328,255.3999938964844,2324500,63.90046117668614
2022-04-19,NKE,133.08999633789062,137.47999572753906,132.77999877929688,137.0500030517578,7346100,57.73080353206239
2022-04-20,DIS,126.0500030517578,127.3499984741211,124.11000061035156,124.56999969482422,36465700,33.55836254553367
2022-04-20,MCD,256.0,257.7900085449219,254.82000732421875,255.8500061035156,2278700,64.43542382603317
2022-04-20,NKE,137.9600067138672,138.64999389648438,135.66000366210938,135.8699951171875,5309700,55.78160306664422
2022-04-21,DIS,125.54000091552734,126.4499969482422,121.27999877929688,121.66000366210938,18688600,30.64246899220254
2022-04-21,MCD,257.6499938964844,259.6099853515625,254.8800048828125,255.25,2476900,63.09291104185623
2022-04-21,NKE,138.5500030517578,139.13999938964844,135.0800018310547,135.4600067138672,6562400,55.08568361441695
2022-04-22,DIS,120.01000213623048,121.88999938964844,118.1500015258789,118.2699966430664,19472800,27.630487271337223
2022-04-22,MCD,255.0,255.0,249.94000244140625,250.1699981689453,2643600,53.02055841135503
2022-04-22,NKE,134.3300018310547,134.92999267578125,128.7100067138672,129.07000732421875,7321700,45.54784905366878
2022-04-25,DIS,117.66000366210938,120.33000183105467,116.75,119.9499969482422,16491000,31.23770523362708
2022-04-25,MCD,249.4499969482422,253.1300048828125,247.92999267578125,252.8800048828125,2523000,56.96731199777327
2022-04-25,NKE,127.8000030517578,128.94000244140625,124.8499984741211,127.94000244140624,6512500,44.09388524645726
2022-04-26,DIS,119.1500015258789,119.1500015258789,115.63999938964844,115.7699966430664,16116000,27.557229746073524
2022-04-26,MCD,250.1300048828125,252.4100036621093,248.3300018310547,248.5800018310547,2948500,49.81602348303833
2022-04-26,NKE,126.9499969482422,127.58999633789062,120.4800033569336,120.5199966430664,7977900,35.97349402385853
2022-04-27,DIS,115.43000030517578,116.9000015258789,113.38999938964844,115.20999908447266,15553000,27.09661863536905
2022-04-27,MCD,247.97999572753903,250.97000122070312,247.0500030517578,247.13999938964844,2706500,47.65839278615203
2022-04-27,NKE,121.08999633789062,124.0,121.08999633789062,121.23999786376952,6007800,37.18240292859482
2022-04-28,DIS,115.22000122070312,116.0,112.69000244140624,115.29000091552734,23192100,27.283613473804568
2022-04-28,MCD,249.94000244140625,256.3800048828125,248.0800018310547,254.19000244140625,3547400,57.38901092590346
2022-04-28,NKE,123.16999816894533,127.97000122070312,122.5999984741211,127.0500030517578,6551600,46.03680782009388
2022-04-29,DIS,115.1999969482422,115.98999786376952,111.36000061035156,111.62999725341795,16907000,24.22257660017837
2022-04-29,MCD,254.27999877929688,254.8500061035156,248.8000030517578,249.1600036621093,3388000,50.21603964084002
2022-04-29,NKE,126.22000122070312,128.4499969482422,124.25,124.6999969482422,5867900,43.373740829941895
2022-05-02,DIS,111.70999908447266,113.66000366210938,111.01000213623048,113.5,14300700,28.62849964403392
2022-05-02,MCD,250.8600006103516,251.5500030517578,242.259994506836,246.63999938964844,3418700,47.04363001581317
2022-05-02,NKE,124.43000030517578,126.18000030517578,122.8000030517578,126.08000183105467,5428400,45.3721628724527
2022-05-03,DIS,114.0500030517578,114.83000183105467,112.69000244140624,113.5500030517578,11149500,28.747797960090303
2022-05-03,MCD,247.38999938964844,247.83999633789065,242.27999877929688,245.8699951171875,2562000,46.08557953156671
2022-05-03,NKE,125.0199966430664,125.76000213623048,120.22000122070312,122.86000061035156,8201200,41.67627856626439
2022-05-04,DIS,113.37000274658205,116.44000244140624,111.83000183105467,116.19000244140624,11488300,34.93180851424256
2022-05-04,MCD,246.1600036621093,254.77999877929688,246.1600036621093,254.32000732421875,3289300,56.54439022377383
2022-05-04,NKE,122.54000091552734,126.1999969482422,120.08000183105467,126.05999755859376,6924000,46.353109305693785
